{
     "চট্টগ্রাম": {
         "চট্টগ্রাম": {
             "জেলা": "চট্টগ্রাম",
             "উপজেলা": [
                 "রাঙ্গুনিয়া",
                 "সীতাকুণ্ড",
                 "মিরসরাই",
                 "পটিয়া",
                 "সন্দ্বীপ",
                 "বাঁশখালী",
                 "বোয়ালখালী",
                 "আনোয়ারা",
                 "চন্দনাইশ",
                 "সাতকানিয়া",
                 "লোহাগাড়া",
                 "হাটহাজারী",
                 "ফটিকছড়ি",
                 "রাউজান",
                 "কর্ণফুলী"
             ]
         },
         "কুমিল্লা": {
             "জেলা": "কুমিল্লা",
             "উপজেলা": [
                 "দেবীদ্বার",
                 "বরুড়া",
                 "ব্রাহ্মণপাড়া",
                 "চান্দিনা",
                 "চৌদ্দগ্রাম",
                 "দাউদকান্দি",
                 "হোমনা",
                 "লাকসাম",
                 "মুরাদনগর",
                 "নাঙ্গলকোট",
                 "কুমিল্লাসদর",
                 "মেঘনা",
                 "মনোহরগঞ্জ",
                 "সদর দক্ষিণ",
                 "তিতাস",
                 "বুড়িচং",
                 "লালমাই"
             ]
         },
         "ফেনী": {
             "জেলা": "ফেনী",
             "উপজেলা": [
                 "ছাগলনাইয়া",
                 "সদর",
                 "সোনাগাজী",
                 "ফুলগাজী",
                 "পরশুরাম",
                 "দাগনভূঁইয়া"
             ]
         },
         "ব্রাহ্মণবাড়িয়া": {
             "জেলা": "ব্রাহ্মণবাড়িয়া",
             "উপজেলা": [
                 "সদর",
                 "কসবা",
                 "নাসিরনগর",
                 "বাঞ্ছারামপুর",
                 "সরাইল",
                 "আশুগঞ্জ",
                 "আখাউড়া",
                 "নবীনগর"
             ]
         },
         "চাঁদপুর": {
             "জেলা": "চাঁদপুর",
             "উপজেলা": [
                 "হাইমচর",
                 "কচুয়া",
                 "শাহরাস্তি",
                 "সদর",
                 "মতলব দক্ষিণ",
                 "হাজীগঞ্জ",
                 "মতলব উত্তর",
                 "ফরিদগঞ্জ"
             ]
         },
         "লক্ষ্মীপুর": {
             "জেলা": "লক্ষ্মীপুর",
             "উপজেলা": [
                 "সদর",
                 "কমলনগর",
                 "রায়পুর",
                 "রামগতি",
                 "রামগঞ্জ"
             ]
         },
         "কক্সবাজার": {
             "জেলা": "কক্সবাজার",
             "উপজেলা": [
                 "সদর",
                 "চকরিয়া",
                 "কুতুবদিয়া",
                 "উখিয়া",
                 "মহেশখালী",
                 "পেকুয়া",
                 "রামু",
                 "টেকনাফ"
             ]
         },
         "খাগড়াছড়ি": {
             "জেলা": "খাগড়াছড়ি",
             "উপজেলা": [
                 "সদর",
                 "দীঘিনালা",
                 "পানছড়ি",
                 "লক্ষ্মীছড়ি",
                 "মহলছড়ি",
                 "মানিকছড়ি",
                 "রামগড়",
                 "মাটিরাঙ্গা",
                 "গুইমারা"
             ]
         },
         "রাঙ্গামাটি": {
             "জেলা": "রাঙ্গামাটি",
             "উপজেলা": [
                 "সদর",
                 "কাপ্তাই",
                 "কাউখালী",
                 "বাঘাইছড়ি",
                 "বরকল",
                 "লাঙ্গাডু",
                 "রাজস্থলী",
                 "বেলাইছড়ি",
                 "জুরাইছড়ি",
                 "নানিয়ারচর"
             ]
         },
         "নোয়াখালী": {
             "জেলা": "নোয়াখালী",
             "উপজেলা": [
                 "সদর",
                 "কোম্পানীগঞ্জ",
                 "বেগমগঞ্জ",
                 "হাতিয়া",
                 "সুবর্ণচর",
                 "কবিরহাট",
                 "সেনবাগ",
                 "চাটখিল",
                 "সোনাইমুড়ি"
             ]
         },
         "বান্দরবান": {
             "জেলা": "বান্দরবান",
             "উপজেলা": [
                 "সদর",
                 "আলীকদম",
                 "নাইখংছড়ি",
                 "রোয়াংছড়ি",
                 "লামা",
                 "রুমা",
                 "থানচি"
             ]
         }
     },
     "রাজশাহী": {
         "রাজশাহী": {
             "জেলা": "রাজশাহী",
             "উপজেলা": [
                 "পাবা",
                 "দুর্গাপুর",
                 "মোহনপুর",
                 "চারঘাট",
                 "পুঠিয়া",
                 "বাঘা",
                 "গোদাগাড়ী",
                 "তানোর",
                 "বাগমারা"
             ]
         },
         "সিরাজগঞ্জ": {
             "জেলা": "সিরাজগঞ্জ",
             "উপজেলা": [
                 "বেলকুচি",
                 "চৌহালী",
                 "কামারখন্দ",
                 "কাজীপুর",
                 "রায়গঞ্জ",
                 "শাহজাদপুর",
                 "সিরাজগঞ্জ সদর",
                 "তাড়াশ",
                 "উল্লাপাড়া"
             ]
         },
         "পাবনা": {
             "জেলা": "পাবনা",
             "উপজেলা": [
                 "সুজানগর",
                 "ঈশ্বরদী",
                 "ভাঙ্গুড়া",
                 "পাবনা সদর",
                 "বেরা",
                 "আটঘোরিয়া",
                 "চাটমোহর",
                 "সাঁথিয়া",
                 "ফরিদপুর"
             ]
         },
         "বগুড়া": {
             "জেলা": "বগুড়া",
             "উপজেলা": [
                 "কাহালু",
                 "সদর",
                 "শরিয়াকান্দি",
                 "শাজাহানপুর",
                 "ধুপচাঁচিয়া",
                 "আদমদীঘি",
                 "নন্দিগ্রাম",
                 "সোনাতলা",
                 "ধুনোট",
                 "গাবতলী",
                 "শেরপুর",
                 "শিবগঞ্জ"
             ]
         },
         "নাটোর": {
             "জেলা": "নাটোর",
             "উপজেলা": [
                 "নাটোরসাদর",
                 "সিংড়া",
                 "বড়াইগ্রাম",
                 "বাগাতিপাড়া",
                 "লালপুর",
                 "গুরুদাসপুর",
                 "নলডাঙ্গা"
             ]
         },
         "জয়পুরহাট": {
             "জেলা": "জয়পুরহাট",
             "উপজেলা": [
                 "আক্কেলপুর",
                 "কালাই",
                 "ক্ষেতলাল",
                 "পাঁচবিবি",
                 "জয়পুরহাট সদর"
             ]
         },
         "চাঁপাইনবাবগঞ্জ": {
             "জেলা": "চাঁপাইনবাবগঞ্জ",
             "উপজেলা": [
                 "চাঁপাইনবাবগঞ্জ সদর",
                 "গোমস্তাপুর",
                 "নাচোল",
                 "ভোলাহাট",
                 "শিবগঞ্জ"
             ]
         },
         "নওগাঁ": {
             "জেলা": "নওগাঁ",
             "উপজেলা": [
                 "মহাদেবপুর",
                 "বদলগাছি",
                 "পত্নীতলা",
                 "ধামইরহাট",
                 "নিয়ামতপুর",
                 "মান্ডা",
                 "আত্রাই",
                 "রানীনগর",
                 "নওগাঁ সদর",
                 "পোরশা",
                 "সাপাহার"
             ]
         }
     },
     "খুলনা": {
        "খুলনা": {
            "জেলা": "খুলনা",
            "উপজেলা": [
                "বাটিয়াঘাটা",
                "দাকোপ",
                "দিঘলীয়া",
                "ডুমুরিয়া",
                "কয়রা",
                "পাইকগাছা",
                "ফুলতলা",
                "তেরখাদা",
                "রূপসা"
            ]
        },
         "যশোর": {
             "জেলা": "যশোর",
             "উপজেলা": [
                 "মণিরামপুর",
                 "অভয়নগর",
                 "বাঘেরপাড়া",
                 "চৌগাছা",
                 "ঝিকরগাছা",
                 "কেশবপুর",
                 "যশোর সদর",
                 "শার্শা"
             ]
         },
         "সাতক্ষীরা": {
             "জেলা": "সাতক্ষীরা",
             "উপজেলা": [
                 "আসাশুনি",
                 "দেবতা",
                 "কলারোয়া",
                 "সাতক্ষীরা সদর",
                 "শ্যামনগর",
                 "তালা",
                 "কালীগঞ্জ"
             ]
         },
         "মেহেরপুর": {
             "জেলা": "মেহেরপুর",
             "উপজেলা": [
                 "মুজিবনগর",
                 "মেহেরপুর সদর",
                 "গাংনী"
             ]
         },
         "নড়াইল": {
             "জেলা": "নড়াইল",
             "উপজেলা": [
                 "নড়াইল সদর",
                 "লোহাগাড়া",
                 "কালিয়া"
             ]
         },
         "চুয়াডাঙ্গা": {
             "জেলা": "চুয়াডাঙ্গা",
             "উপজেলা": [
                 "চুয়াডাঙ্গা সদর",
                 "আলমডাঙ্গা",
                 "দামুড়হুদা",
                 "জীবননগর"
             ]
         },
         "কুষ্টিয়া": {
             "জেলা": "কুষ্টিয়া",
             "উপজেলা": [
                 "কুষ্টিয়া সদর",
                 "কুমারখালী",
                 "খোকসা",
                 "মিরপুর",
                 "দৌলতপুর",
                 "ভেড়ামারা"
             ]
         },
         "মাগুরা": {
             "জেলা": "মাগুরা",
             "উপজেলা": [
                 "শালিখা",
                 "শ্রীপুর",
                 "মাগুরাসদর",
                 "মোহাম্মদপুর"
             ]
         },
         "বাগেরহাট": {
             "জেলা": "বাগেরহাট",
             "উপজেলা": [
                 "ফকিরহাট",
                 "সদর",
                 "মোল্লাহাট",
                 "শরণখোলা",
                 "রামপাল",
                 "মোরেলগঞ্জ",
                 "কচুয়া",
                 "মংলা",
                 "চিতলমারী"
             ]
         },
         "ঝিনাইদহ": {
             "জেলা": "ঝিনাইদহ",
             "উপজেলা": [
                 "সদর",
                 "শৈলকুপা",
                 "হরিণাকুন্ডু",
                 "কালীগঞ্জ",
                 "কোটচাঁদপুর",
                 "মহেশপুর"
             ]
         }
     },
     "বরিশাল": {
         "বরিশাল": {
             "জেলা": "বরিশাল",
             "উপজেলা": [
                 "বরিশালসদর",
                 "বাকেরগঞ্জ",
                 "বাবুগঞ্জ",
                 "উজিরপুর",
                 "বানারীপাড়া",
                 "গৌরনদী",
                 "আগাইলঝাড়া",
                 "মেহেন্দিগঞ্জ",
                 "মুলাদি",
                 "হিজলা"
             ]
         },

         "ভোলা": {
             "জেলা": "ভোলা",
             "উপজেলা": [
                 "সদর",
                 "বোরহানউদ্দিন",
                 "চারফসন",
                 "দৌলতখান",
                 "মনপুরা",
                 "তজুমুদ্দিন",
                 "লালমোহন"
             ]
         },
         "বরগুনা": {
             "জেলা": "বরগুনা",
             "উপজেলা": [
                 "আমতলী",
                 "বরগুনা সদর",
                 "বেতাগী",
                 "বামনা",
                 "পাথরঘাটা",
                 "তালতলী"
             ]
         },
         "ঝালকাঠি": {
             "জেলা": "ঝালকাঠি",
             "উপজেলা": [
                 "ঝালকাঠি সদর",
                 "কাঠালিয়া",
                 "নালছিটি",
                 "রাজাপুর"
             ]
         },
         "পটুয়াখালী": {
             "জেলা": "পটুয়াখালী",
             "উপজেলা": [
                 "বাউফল",
                 "সদর",
                 "দুমকি",
                 "দশমিনা",
                 "কলাপাড়া",
                 "মির্জাগঞ্জ",
                 "গলাচিপা",
                 "রাঙ্গাবালি"
             ]
         },
         "পিরোজপুর": {
             "জেলা": "পিরোজপুর",
             "উপজেলা": [
                 "পিরোজপুর সদর",
                 "নাজিরপুর",
                 "কাউখালী",
                 "ভান্ডারিয়া",
                 "মঠবাড়িয়া",
                 "নেসারাবাদ",
                 "ইন্দুরকানি"
             ]
         }
     },
     "সিলেট": {
         "সিলেট": {
             "জেলা": "সিলেট",
             "উপজেলা": [
                 "বালাগঞ্জ",
                 "বিয়ানীবাজার",
                 "বিশ্বনাথ",
                 "কোম্পানীগঞ্জ",
                 "ফেঞ্চুগঞ্জ",
                 "গোলাপগঞ্জ",
                 "গোয়াইনঘাট",
                 "জয়ন্তিয়াপুর",
                 "কানাইঘাট",
                 "সিলেটসদর",
                 "জকিগঞ্জ",
                 "দক্ষিণসুরমা",
                 "ওসমানীনগর"
             ]
         },

         "মৌলভীবাজার": {
             "জেলা": "মৌলভীবাজার",
             "উপজেলা": [
                 "বড়লেখা",
                 "কমলগঞ্জ",
                 "কুলাউড়া",
                 "মৌলভীবাজার সদর",
                 "রাজনগর",
                 "শ্রীমঙ্গল",
                 "জুরি"
             ]
         },
         "হবিগঞ্জ": {
             "জেলা": "হবিগঞ্জ",
             "উপজেলা": [
                 "নবীগঞ্জ",
                 "বাহুবল",
                 "আজমিরীগঞ্জ",
                 "বানিয়াচং",
                 "লাখাই",
                 "চুনারুঘাট",
                 "হবিগঞ্জ সদর",
                 "মাধবপুর",
                 "শায়েস্তাগঞ্জ"
             ]
         },
         "সুনামগঞ্জ": {
             "জেলা": "সুনামগঞ্জ",
             "উপজেলা": [
                 "সুনামগঞ্জ সদর",
                 "দক্ষিণসুনামগঞ্জ",
                 "বিশ্বম্ভরপুর",
                 "ছাতক",
                 "জগন্নাথপুর",
                 "দোয়ারাবাজার",
                 "তাহিরপুর",
                 "ধর্মপাশা",
                 "জামালগঞ্জ",
                 "শাল্লা",
                 "দেরাই",
                 "মধ্যনগর"
             ]
         }
     },
     "ঢাকা": {
         "ঢাকা": {
             "জেলা": "ঢাকা",
             "উপজেলা": [
                 "নরসিংদী বেলাবো",
                 "মনোহরদী",
                 "নরসিংদীসাদর",
                 "পলাশ",
                 "রায়পুরা",
                 "শিবপুর"
             ]
         },
         "গাজীপুর": {
             "জেলা": "গাজীপুর",
             "উপজেলা": [
                 "কালীগঞ্জ",
                 "কালিয়াকৈর",
                 "কাপাসিয়া",
                 "গাজীপুর সদর",
                 "শ্রীপুর"
             ]
         },
         "শরীয়তপুর": {
             "জেলা": "শরীয়তপুর",
             "উপজেলা": [
                 "শরীয়তপুর সদর",
                 "নড়িয়া",
                 "জাজিরা",
                 "গোসাইরহাট",
                 "ভেদরগঞ্জ",
                 "ডামুড্যা"
             ]
         },
         "নারায়ণগঞ্জ": {
             "জেলা": "নারায়ণগঞ্জ",
             "উপজেলা": [
                 "আড়াইহাজার",
                 "বন্দর",
                 "নারায়ণগঞ্জ সদর",
                 "রূপগঞ্জ",
                 "সোনারগাঁও"
             ]
         },
         "টাঙ্গাইল": {
             "জেলা": "টাঙ্গাইল",
             "উপজেলা": [
                 "বাসাইল",
                 "ভূয়াপুর",
                 "দেলদুয়ার",
                 "ঘাটাইল",
                 "গোপালপুর",
                 "মধুপুর",
                 "মির্জাপুর",
                 "নাগরপুর",
                 "সখীপুর",
                 "টাঙ্গাইল সদর",
                 "কালিহাতী",
                 "ধনবাড়ী"
             ]
         },
         "কিশোরগঞ্জ": {
             "জেলা": "কিশোরগঞ্জ",
             "উপজেলা": [
                 "ইটনা",
                 "কটিয়াদি",
                 "ভৈরব",
                 "তাড়াইল",
                 "হোসেনপুর",
                 "পাকুন্দিয়া",
                 "কুলিয়ারচর",
                 "কিশোরগঞ্জ সদর",
                 "করিমগঞ্জ",
                 "বাজিতপুর",
                 "অস্টগ্রাম",
                 "মিঠামইন",
                 "নিকলি"
             ]
         },
         "মানিকগঞ্জ": {
             "জেলা": "মানিকগঞ্জ",
             "উপজেলা": [
                 "হরিরামপুর",
                 "সাটুরিয়া",
                 "মানিকগঞ্জ সদর",
                 "জিওর",
                 "শিবালয়",
                 "দৌলতপুর",
                 "সিঙ্গিয়ার"
             ]
         },
         "ঢাকা": {
            "জেলা": "ঢাকা",
            "উপজেলা": [
                "সাভার",
                "ধামরাই",
                "কেরানীগঞ্জ",
                "নবাবগঞ্জ",
                "দোহার"
            ]
        },
        "মুন্সিগঞ্জ": {
            "জেলা": "মুন্সিগঞ্জ",
            "উপজেলা": [
                "সদর",
                "শ্রীনগর",
                "সিরাজদিখান",
                "লৌহজাঞ্জ",
                "গজারিয়া",
                "টঙ্গীবাড়ী"
            ]
        },
        "রাজবাড়ী": {
            "জেলা": "রাজবাড়ী",
            "উপজেলা": [
                "সদর",
                "গোয়ালন্দ",
                "পাংসা",
                "বালিয়াকান্দি",
                "কালুখালী"
            ]
        },
        "মাদারীপুর": {
            "জেলা": "মাদারীপুর",
            "উপজেলা": [
                "সদর",
                "শিবচর",
                "কালকিনি",
                "রাজির",
                "দাসর"
            ]
        },
        "গোপালগঞ্জ": {
            "জেলা": "গোপালগঞ্জ",
            "উপজেলা": [
                "সদর",
                "কাশিয়ানী",
                "টুঙ্গিপাড়া",
                "কোটালীপাড়া",
                "মুকসুদপুর"
            ]
        },
        "ফরিদপুর": {
            "জেলা": "ফরিদপুর",
            "উপজেলা": [
                "ফরিদপুর সদর",
                "আলফাডাঙ্গা",
                "বোয়ালমারি",
                "সদরপুর",
                "নগরকান্দা",
                "ভাঙ্গা",
                "চারভদ্রাসন",
                "মধুখালী",
                "সালথা"
            ]
        }
    },
    "রংপুর": {
        "পঞ্চগড়": {
            "জেলা": "পঞ্চগড়",
            "উপজেলা": [
                "পঞ্চগড় সদর",
                "দেবীগঞ্জ",
                "বোদা",
                "আটোয়ারী",
                "তেতুলিয়া"
            ]
        },
        "দিনাজপুর": {
            "জেলা": "দিনাজপুর",
            "উপজেলা": [
                "নবাবগঞ্জ",
                "বীরগঞ্জ",
                "ঘোড়াঘাট",
                "বিরামপুর",
                "পার্বতীপুর",
                "বোচাগঞ্জ",
                "কাহারোল",
                "ফুলবাড়ি",
                "দিনাজপুর সদর",
                "হাকিমপুর",
                "খানসামা",
                "বিরল",
                "চিরিরবন্দর"
            ]
        },
        "লালমনিরহাট": {
            "জেলা": "লালমনিরহাট",
            "উপজেলা": [
                "লালমনিরহাট সদর",
                "কালীগঞ্জ",
                "হাতিফান্ধা",
                "পাটগ্রাম",
                "আদিতমারী"
            ]
        },
        "নীলফামারী": {
            "জেলা": "নীলফামারী",
            "উপজেলা": [
                "সৈয়দপুর",
                "ডোমার",
                "ডিমলা",
                "জলঢাকা",
                "কিশোরগঞ্জ",
                "নীলফামারী সদর"
            ]
        },

        "গাইবান্ধা": {
             "জেলা": "গাইবান্ধা",
             "উপজেলা": [
                 "সাদুল্লাপুর",
                 "গাইবান্ধা সদর",
                 "পলাশবাড়ী",
                 "সাঘাটা",
                 "গোবিন্দগঞ্জ",
                 "সুন্দরগঞ্জ",
                 "ফুলছড়ি"
             ]
         },
         "ঠাকুরগাঁও": {
             "জেলা": "ঠাকুরগাঁও",
             "উপজেলা": [
                 "ঠাকুরগাঁও সদর",
                 "পীরগঞ্জ",
                 "রানীশংকৈল",
                 "হরিপুর",
                 "বালিয়াডাঙ্গী"
             ]
         },
         "রংপুর": {
             "জেলা": "রংপুর",
             "উপজেলা": [
                 "রংপুর সদর",
                 "গঙ্গাচড়া",
                 "তারাগঞ্জ",
                 "বদরগঞ্জ",
                 "মিঠাপুকুর",
                 "পীরগঞ্জ",
                 "কাউনিয়া",
                 "পীরগাছা"
             ]
         },
         "কুড়িগ্রাম": {
             "জেলা": "কুড়িগ্রাম",
             "উপজেলা": [
                 "কুড়িগ্রাম সদর",
                 "নাগেশ্বরী",
                 "ভুরুঙ্গামারী",
                 "ফুলবাড়ী",
                 "রাজারহাট",
                 "উলিপুর",
                 "চিলমারী",
                 "রৌমারী",
                 "চররাজিবপুর"
             ]
         }
     },
     "ময়মনসিংহ": {
         "ময়মনসিংহ": {
             "জেলা": "ময়মনসিংহ",
             "উপজেলা": [
                 "ফুলবাড়িয়া",
                 "ত্রিশাল",
                 "ভালুকা",
                 "মুক্তাগাছা",
                 "ময়মনসিংহ সদর",
                 "ধোবাউড়া",
                 "ফুলপুর",
                 "হালুয়াঘাট",
                 "গৌরীপুর",
                 "গফরগাঁও",
                 "ঈশ্বরগঞ্জ",
                 "নান্দাইল",
                 "তারাকান্দা"
             ]
         },
         "শেরপুর": {
             "জেলা": "শেরপুর",
             "উপজেলা": [
                 "শেরপুর সদর",
                 "নালিতাবাড়ী",
                 "শ্রীবর্দী",
                 "নোকলা",
                 "ঝিনাইগাতী"
             ]
         },
         "জামালপুর": {
             "জেলা": "জামালপুর",
             "উপজেলা": [
                 "জামালপুর সদর",
                 "মেলান্দাহ",
                 "ইসলামপুর",
                 "দেওয়ানগঞ্জ",
                 "সরিষাবাড়ী",
                 "মাদারগঞ্জ",
                 "বকশীগঞ্জ"
             ]
         },
         "নেত্রকোনা": {
             "জেলা": "নেত্রকোণা",
             "উপজেলা": [
                 "বারহাট্টা",
                 "দুর্গাপুর",
                 "কেন্দুয়া",
                 "আটপাড়া",
                 "মদন",
                 "খালিয়াজুরী",
                 "মোহনগঞ্জ",
                 "পূর্বধলা",
                 "নেত্রকোণা সদর"
             ]
         }
     }
}